file,total_unique_codes,included,DMSCreate,APIMap,ManualMap,Other,Ignored,ratio_percent
24_Hour_BP_DMICP.tex,6,6,0,0,0,6,0,0.0
AJAX_Exposure_DMICP.tex,1,1,0,0,0,1,0,0.0
ARITC_PSMA_DMICP.tex,56,51,2,0,0,49,5,3.9
Acute_Acoustic_Trauma_Appendix_9_DMICP.tex,10,10,9,0,0,1,0,90.0
Administration_-_Reports_and_Information_Requests_DMICP.tex,17,17,7,1,0,9,0,41.2
Adult_Immunisation_Summary_DMICP.tex,50,50,7,2,0,41,0,14.0
Adult_Summary_Additional_DMICP.tex,25,25,4,1,0,20,0,16.0
Aircrew_and_RAF_Medicals_DMICP.tex,41,39,24,2,0,13,2,61.5
Alcohol_AUDIT_DMICP.tex,19,17,14,1,0,2,2,82.4
Ankle_Injury_DMICP.tex,34,30,15,1,3,11,4,50.0
Antenatal_Booking_DMICP.tex,99,99,4,2,3,90,0,4.0
Antenatal_Review_DMICP.tex,75,75,1,2,0,72,0,1.3
Anthrax_Vaccine_Side_Effects_DMICP.tex,22,21,0,0,0,21,1,0.0
Anti-Malarial_Travel_DMICP.tex,12,12,9,0,0,3,0,75.0
Antimalarial_Questionnaire_DMICP.tex,56,43,23,1,0,19,13,53.5
Antimalarial_Side_Effects_Menu_DMICP.tex,5,5,5,0,0,0,0,100.0
Antimalarials_Past_Values_DMICP.tex,14,10,10,0,0,0,4,100.0
Appendix_9_Section_1_v2_DMICP.tex,86,78,78,0,0,0,8,100.0
Appendix_9_Section_2_v2_DMICP.tex,124,124,124,0,0,0,0,100.0
Army_FMed_23_DMICP.tex,42,42,42,0,0,0,0,100.0
Army_Medical_Board_DMICP_v2.tex,171,118,117,0,0,1,53,99.2
Army_Medical_Boarding_Aide_Memoire_DMICP.tex,32,32,0,0,0,32,0,0.0
Army_Physical_Training_Structure_DMICP.tex,27,27,0,0,0,27,0,0.0
Army_ROHT_MRA_DMICP.tex,15,15,15,0,0,0,0,100.0
Asthma_DMICP.tex,80,80,1,0,0,79,0,1.2
Atovaquone_Proguanil_Side_Effects_DMICP.tex,31,31,0,0,0,31,0,0.0
Atovaquone_and_Proguanil_DMICP.tex,17,17,0,0,0,17,0,0.0
Audio_Comparison_Widget.tex,36,36,22,0,14,0,0,61.1
Audiogram_Comparison_DMICP.tex,38,38,24,0,14,0,0,63.2
Audiometry_Assessment_v3_DMICP.tex,22,22,21,0,0,1,0,95.5
Audiometry_DMICP.tex,19,19,0,0,0,19,0,0.0
Audiometry_DMICP_16701.tex,51,51,36,0,14,1,0,70.6
Audiometry_Health_Questionnaire_DMICP.tex,46,25,25,0,0,0,21,100.0
Audiometry_Note_Summarisation_Only_DMICP.tex,37,37,23,0,14,0,0,62.2
Audiometry_Widget.tex,36,36,22,0,14,0,0,61.1
AvMed_Antropometry_DMICP.tex,5,5,2,2,0,1,0,40.0
BMI_and_Waist_Measurement_DMICP.tex,9,9,0,0,0,9,0,0.0
BMI_and_Waist_to_Height_Ratio_DMICP.tex,9,9,0,0,0,9,0,0.0
Birth_Details_&_Screening_-_Baby_DMICP.tex,75,75,6,3,1,65,0,8.0
Birth_Details_-_Mum_DMICP.tex,67,67,0,6,0,61,0,0.0
Blood_Grouping_DMICP.tex,16,16,0,0,0,16,0,0.0
Blood_Pressure_BP_DMICP.tex,3,3,0,0,0,3,0,0.0
Boxing_Clinical_Examination.tex,12,11,1,0,4,6,1,9.1
Boxing_Injury_+_Pre-Bout_+_Post-_Bout.tex,5,5,1,2,0,2,0,20.0
Boxing_Medical_Annual_MO_Checklist.tex,13,12,9,0,0,3,1,75.0
Boxing_Medical_History.tex,27,27,0,0,0,27,0,0.0
Boxing_Medicals_Run-ups.tex,13,13,8,0,0,5,0,61.5
Breast_Screening_Mammography_DMICP.tex,11,11,0,0,0,11,0,0.0
CHC_Contraception_DMICP.tex,66,65,18,1,2,44,1,27.7
CHC_Contraception_Quick_Check_DMICP.tex,56,55,20,1,1,33,1,36.4
COVID-19_Vaccination_DMICP.tex,8,8,2,2,0,4,0,25.0
COVID_19_Coronavirus_DCBDF_DMICP.tex,44,37,9,0,4,24,7,24.3
COVID_19_Coronavirus_DMICP.tex,7,7,4,1,1,1,0,57.1
COVID_19_Coronavirus_Remote_Triage_DMICP.tex,47,40,7,3,3,27,7,17.5
COVID_19_Coronavirus_Testing_DMICP.tex,11,11,3,4,1,3,0,27.3
C_the_Signs_Trial_16701.tex,9,7,2,0,0,5,2,28.6
Cervical_Cytology_Administration_DMICP.tex,51,50,5,0,0,45,1,10.0
Cervical_Cytology_Procedure_DMICP.tex,38,38,2,0,0,36,0,5.3
Champix_Appendix_9_DMICP.tex,7,7,7,0,0,0,0,100.0
Child_Examination_DMICP.tex,125,124,35,0,0,89,1,28.2
Childhood_Historical_Immunisations_DMICP.tex,46,46,6,5,0,35,0,13.0
Childhood_Immunisation_Consent_Checklist_DMICP.tex,24,24,16,2,0,6,0,66.7
Childhood_Immunisation_Schedule_2_-_13_months_DMICP.tex,13,13,4,3,0,6,0,30.8
Childhood_Immunisation_Schedule_2_-_18_years_DMICP.tex,11,11,0,1,1,9,0,0.0
Childhood_Immunisation_Summary_2020_On_DMICP.tex,30,30,3,7,1,19,0,10.0
Childhood_Immunisation_Summary_Pre_2020_DMICP.tex,43,43,10,8,1,24,0,23.3
Chloroquine_Phosphate_DMICP.tex,17,17,0,0,0,17,0,0.0
Chloroquine_Side_Effects_DMICP.tex,47,47,0,1,0,46,0,0.0
Chloroquine_and_Proguanil_DMICP.tex,17,17,0,0,0,17,0,0.0
Chronic_Disease_Menu_DMICP.tex,25,25,0,0,0,25,0,0.0
Climatic_Injury_Menu_DMICP.tex,21,21,0,0,0,21,0,0.0
Clincial_Triage_Template_16701.tex,9,9,2,0,0,7,0,22.2
Cold_Injury_Reporting_DMICP.tex,61,58,26,2,1,29,3,44.8
Community_Baby_Examination_DMICP.tex,54,54,3,2,0,49,0,5.6
Community_Menu_DMICP.tex,23,23,0,0,0,23,0,0.0
Contraception_Menu_DMICP.tex,22,22,0,0,0,22,0,0.0
DMICP_Fast_Track_Referral.tex,28,28,28,0,0,0,0,100.0
DMICP_Rehab_ASIA_Classification.tex,224,224,224,0,0,0,0,100.0
DMICP_Rehab_Ankle_Examination.tex,27,14,7,1,2,4,13,50.0
DMICP_Rehab_Ankle_Objective_Assessment.tex,11,8,7,1,0,0,3,87.5
DMICP_Rehab_Ankle_Tests.tex,15,10,8,2,0,0,5,80.0
DMICP_Rehab_Back_Examination.tex,37,17,8,1,0,8,20,47.1
DMICP_Rehab_Back_Objective_Assessment.tex,12,8,8,0,0,0,4,100.0
DMICP_Rehab_Back_Tests.tex,13,13,8,4,1,0,0,61.5
DMICP_Rehab_Body_Chart.tex,17,17,0,0,0,17,0,0.0
DMICP_Rehab_Bone_Stress_Injury.tex,94,71,6,6,1,58,23,8.5
DMICP_Rehab_CSpine_Neurological_Assessment.tex,9,9,4,3,0,2,0,44.4
DMICP_Rehab_Cervical_Spine_Examination.tex,63,35,10,1,1,23,28,28.6
DMICP_Rehab_Cervical_Spine_Objective_Assessment.tex,14,8,6,1,0,1,6,75.0
DMICP_Rehab_Cervical_Spine_Tests.tex,12,7,5,1,1,0,5,71.4
DMICP_Rehab_Diagnostic_Codes_-_Arthropathies.tex,20,20,6,1,2,11,0,30.0
DMICP_Rehab_Diagnostic_Codes_-_Complex_Trauma.tex,35,20,0,0,0,20,15,0.0
DMICP_Rehab_Diagnostic_Codes_-_Lower_Limb.tex,36,36,9,4,6,17,0,25.0
DMICP_Rehab_Diagnostic_Codes_-_Medicals.tex,7,7,1,0,0,6,0,14.3
DMICP_Rehab_Diagnostic_Codes_-_Menu.tex,19,19,0,0,0,19,0,0.0
DMICP_Rehab_Diagnostic_Codes_-_Neuro.tex,19,19,3,0,2,14,0,15.8
DMICP_Rehab_Diagnostic_Codes_-_Spinal.tex,16,16,3,1,0,12,0,18.8
DMICP_Rehab_Diagnostic_Codes_-_Upper_Limb.tex,22,22,1,0,1,20,0,4.5
DMICP_Rehab_Discharge_-_a_.tex,11,11,10,0,0,1,0,90.9
DMICP_Rehab_Discharge_-_b.tex,3,3,3,0,0,0,0,100.0
DMICP_Rehab_ESWT.tex,57,55,51,1,0,3,2,92.7
DMICP_Rehab_Failed_Appointment.tex,3,3,1,0,0,2,0,33.3
DMICP_Rehab_Failed_Appointment_-_Initial_Contact.tex,19,16,8,3,0,5,3,50.0
DMICP_Rehab_Goals.tex,10,10,10,0,0,0,0,100.0
DMICP_Rehab_Hip_and_Groin_Objective_Assessment.tex,14,9,8,1,0,0,5,88.9
DMICP_Rehab_Hip_and_Groin_Tests.tex,20,11,6,4,1,0,9,54.5
DMICP_Rehab_Knee_Examination.tex,25,14,7,1,0,6,11,50.0
DMICP_Rehab_Knee_Ligament_Tests.tex,19,19,0,0,0,19,0,0.0
DMICP_Rehab_Knee_Objective_Assessment.tex,19,13,10,2,1,0,6,76.9
DMICP_Rehab_Knee_Tests.tex,24,15,5,9,1,0,9,33.3
DMICP_Rehab_Links.tex,20,20,0,0,0,20,0,0.0
DMICP_Rehab_Master_-_Initial_Contact.tex,69,64,37,4,1,22,5,57.8
DMICP_Rehab_Master_-_Review_Contact.tex,75,74,66,1,0,7,1,89.2
DMICP_Rehab_Menu.tex,1,0,0,0,0,0,1,
DMICP_Rehab_Outcome_Goals_Neuro_Rehab.tex,141,141,141,0,0,0,0,100.0
DMICP_Rehab_Outcomes_Complex_Trauma.tex,69,69,62,2,4,1,0,89.9
DMICP_Rehab_Outcomes_EQ5D.tex,14,9,1,1,7,0,5,11.1
DMICP_Rehab_Outcomes_Lower_Limbs.tex,36,36,30,2,1,3,0,83.3
DMICP_Rehab_Outcomes_Neuro_Rehab.tex,58,58,45,4,5,4,0,77.6
DMICP_Rehab_Outcomes_Podiatry.tex,7,7,6,0,0,1,0,85.7
DMICP_Rehab_Outcomes_Prosthetics.tex,43,27,12,0,0,15,16,44.4
DMICP_Rehab_Outcomes_Rheumatology.tex,21,21,9,6,2,4,0,42.9
DMICP_Rehab_Outcomes_Spec_Rehab.tex,11,11,3,0,3,5,0,27.3
DMICP_Rehab_Outcomes_Spines.tex,28,25,12,3,5,5,3,48.0
DMICP_Rehab_Outcomes_Upper_Limbs.tex,14,14,11,1,1,1,0,78.6
DMICP_Rehab_Outcomes_Vocational_Occupational_Therapy.tex,29,28,26,1,0,1,1,92.9
DMICP_Rehab_Pain.tex,22,22,19,1,2,0,0,86.4
DMICP_Rehab_Rheumatology_Diagnosis.tex,27,27,5,4,3,15,0,18.5
DMICP_Rehab_Rheumatology_Presentation.tex,19,19,11,3,1,4,0,57.9
DMICP_Rehab_SIJ_Examination.tex,15,9,9,0,0,0,6,100.0
DMICP_Rehab_Shoulder_Examination.tex,22,14,7,2,1,4,8,50.0
DMICP_Rehab_Shoulder_Objective_Assessment.tex,16,9,7,1,1,0,7,77.8
DMICP_Rehab_Shoulder_Tests.tex,35,18,12,6,0,0,17,66.7
DMICP_Rehab_Traumatic_Knee_Injury.tex,23,22,2,4,0,16,1,9.1
DMICP_Rehab_Treatment.tex,66,63,61,1,0,1,3,96.8
DMICP_SBA_Cyprus_Civilian_Subtype.tex,13,8,8,0,0,0,5,100.0
DMPA_Depot_Contraception_DMICP.tex,59,55,21,1,0,33,4,38.2
DMRC_AD_Autonomic_Dysreflexia_DMICP.tex,9,8,0,0,0,8,1,0.0
DMRC_Catheter_Care_DMICP.tex,28,25,1,1,0,23,3,4.0
DMRC_Inpatient_Nursing_DMICP.tex,33,33,9,1,0,23,0,27.3
DMRC_Nursing_Input_Med_Appt_DMICP.tex,7,7,0,0,0,7,0,0.0
DMRC_Post_Falls_Template_DMICP.tex,29,26,5,0,0,21,3,19.2
DMRC_Spinal_Bowel_Care_DMICP.tex,19,19,6,0,0,13,0,31.6
DTSP_DMICP.tex,1,1,0,0,0,1,0,0.0
Deliberate_Self_Harm_DSH_DMICP.tex,22,22,10,0,1,11,0,45.5
Deliberate_Self_Harm_Decision_Support_Tool_DMICP.tex,51,51,49,0,1,1,0,96.1
Dental_AUDIT-C.tex,12,11,6,1,0,4,1,54.5
Dental_Fitness_and_Recall_Confirmation.tex,16,10,7,1,0,2,6,70.0
Dental_Medical_History_Questionnaire.tex,39,20,2,0,0,18,19,10.0
Dental_Referrals_DMICP.tex,5,5,0,1,0,4,0,0.0
Development_Review_DMICP.tex,70,70,1,2,0,67,0,1.4
Diarrhoea_&_Vomiting_DMICP.tex,33,28,1,4,2,21,5,3.6
Diving_DMICP.tex,24,22,6,1,1,14,2,27.3
Domestic_Violence_Screen_HARK_Questions.tex,4,4,4,0,0,0,0,100.0
Doxycycline_DMICP.tex,17,17,0,0,0,17,0,0.0
Doxycycline_Side_Effects_DMICP.tex,37,37,0,0,0,37,0,0.0
Emergency_Contraception_DMICP.tex,30,29,9,2,1,17,1,31.0
Entry_Medical_IMA_DMICP.tex,38,33,11,2,0,20,5,33.3
Ethnicity_DMICP.tex,20,20,0,0,0,20,0,0.0
FMed85_DMICP.tex,1,1,1,0,0,0,0,100.0
Failed_Dental_Appointment.tex,8,0,0,0,0,0,8,
Family_History_DMICP.tex,11,11,0,0,0,11,0,0.0
Force_Preparation_Current_Status_DMICP.tex,36,36,17,0,0,19,0,47.2
Force_Preparation_DMICP.tex,34,32,17,2,0,13,2,53.1
GAD-7_Generalised_Anxiety_Score_DMICP.tex,13,13,11,0,0,2,0,84.6
GP_Antenatal_Advice.tex,19,19,0,0,0,19,0,0.0
GP_Antenatal_Template.tex,56,56,3,2,0,51,0,5.4
GP_Contract_-_Associated_CHD_details.tex,32,32,0,0,0,32,0,0.0
GP_Contract_-_Associated_COPD_details.tex,15,15,0,0,0,15,0,0.0
GP_Contract_-_Associated_asthma_details.tex,28,28,0,0,0,28,0,0.0
GP_Contract_-_Associated_diabetic_details.tex,38,38,0,0,0,38,0,0.0
GP_Contract_-_Associated_mental_health_details.tex,52,52,0,0,0,52,0,0.0
GP_Contract_-_Atrial_fibrillation.tex,43,43,1,0,0,42,0,2.3
GP_Contract_-_Bio-psychosocial_assessment.tex,26,26,0,1,0,25,0,0.0
GP_Contract_-_Chronic_kidney_disease.tex,83,83,1,0,0,82,0,1.2
GP_Contract_-_Diabetes_investigations.tex,29,29,0,0,0,29,0,0.0
GP_Contract_-_Heart_failure.tex,62,62,1,0,0,61,0,1.6
GP_Contract_-_Obesity.tex,49,49,1,0,0,48,0,2.0
GP_Contract_-_Related_treatments.tex,106,106,0,0,0,106,0,0.0
GP_Contract_-_Smoking_status.tex,38,38,0,0,0,38,0,0.0
GP_Contract_Associated_palliative_care.tex,45,45,0,1,1,43,0,0.0
GP_Contract_Associated_stroke_and_TIA.tex,23,23,0,0,0,23,0,0.0
GP_Contract_Asthma.tex,63,63,0,0,0,63,0,0.0
GP_Contract_CHD.tex,13,13,1,0,0,12,0,7.7
GP_Contract_COPD.tex,63,63,1,0,0,62,0,1.6
GP_Contract_CVD_Primary_prevention.tex,58,58,2,0,0,56,0,3.4
GP_Contract_Cancer.tex,63,63,6,0,1,56,0,9.5
GP_Contract_Contraception.tex,54,54,0,0,0,54,0,0.0
GP_Contract_Dementia.tex,50,50,1,0,0,49,0,2.0
GP_Contract_Dementia_examinations_and_investigations.tex,54,54,0,0,0,54,0,0.0
GP_Contract_Depression.tex,36,36,1,0,0,35,0,2.8
GP_Contract_Diabetes.tex,68,68,2,0,0,66,0,2.9
GP_Contract_Epilepsy.tex,55,55,1,0,0,54,0,1.8
GP_Contract_Hypertension.tex,67,67,1,0,0,66,0,1.5
GP_Contract_Hypothyroidism.tex,19,19,1,0,0,18,0,5.3
GP_Contract_Learning_disabilities.tex,39,39,1,0,0,38,0,2.6
GP_Contract_Mental_Health.tex,64,64,1,0,0,63,0,1.6
GP_Contract_Mental_health_cytology.tex,32,32,0,0,0,32,0,0.0
GP_Contract_Osteoporosis_secondary_prevention_of_fragility_fractures.tex,75,75,1,0,0,74,0,1.3
GP_Contract_PAD.tex,55,55,1,0,0,54,0,1.8
GP_Contract_Palliative_care.tex,55,55,1,0,0,54,0,1.8
GP_Contract_Rheumatoid_arthritis.tex,53,53,1,0,0,52,0,1.9
GP_Contract_Secondary_prevention_of_CHD.tex,51,51,1,0,0,50,0,2.0
GP_Contract_Stroke_and_TIA.tex,42,42,1,0,0,41,0,2.4
GP_Menopause_Assessment_HRT.tex,61,59,2,1,2,54,2,3.4
GP_Pregnancy_History.tex,11,11,0,0,0,11,0,0.0
General_Practice_Physical_Activity_Index_GPPAQ_DMICP.tex,21,21,0,0,0,21,0,0.0
Gout_DMICP.tex,48,48,1,0,0,47,0,2.1
H2_E2_Appendix_9_DMICP.tex,3,3,3,0,0,0,0,100.0
Harmonised_MedLims_DMICP.tex,342,342,342,0,0,0,0,100.0
Health_Care_Workers_Serology_Immunisation_DMICP.tex,26,26,0,1,0,25,0,0.0
Health_Visitor_Antenatal_DMICP.tex,31,31,1,2,2,26,0,3.2
Health_Visitor_Interventions_Mother_DMICP.tex,30,30,4,1,2,23,0,13.3
Heat_Illness_DMICP.tex,74,66,15,2,3,46,8,22.7
Heat_Injury_Appendix_9_DMICP.tex,13,13,13,0,0,0,0,100.0
Historical_Immunisation_Summary_DMICP.tex,35,35,0,0,0,35,0,0.0
Hospital_Admission_&_Discharge_DMICP.tex,7,7,0,0,0,7,0,0.0
IUD_IUCD_IUS_Mirena_Coil_DMICP.tex,98,95,21,4,1,69,3,22.1
Immunisation_Consent_DMICP.tex,28,28,23,0,0,5,0,82.1
Immunisation_Contraindicated_DMICP.tex,35,35,16,9,1,9,0,45.7
Immunisation_Declined_DMICP.tex,29,29,10,2,1,16,0,34.5
Immunisation_Diary_Dates_DMICP.tex,13,13,0,0,0,13,0,0.0
Injury_Menu_DMICP.tex,1,1,1,0,0,0,0,100.0
Inpatient_Admission_DMICP.tex,13,13,9,0,1,3,0,69.2
Inpatient_Discharge_DMICP.tex,14,14,7,4,0,3,0,50.0
JE_Junior_Reinforcing_Booster_Guide.tex,17,17,0,0,0,17,0,0.0
JE_Reinforcing_Booster_Guide.tex,17,17,0,0,0,17,0,0.0
JMES_Boarding_Grading_Menu_DMICP.tex,22,22,0,0,0,22,0,0.0
JMES_Past_Value_DMICP.tex,8,8,8,0,0,0,0,100.0
KRH_Op_CABRIT_Hearing_Template_DMICP.tex,1,1,0,0,0,1,0,0.0
Knee_Injury_DMICP.tex,44,42,25,1,5,11,2,59.5
Lateral_Flow_Testing_Trial_DMICP.tex,4,3,0,1,0,2,1,0.0
Lifestyle_Health_Screening_-_Alcohol_DMICP.tex,15,15,1,2,0,12,0,6.7
Lifestyle_Health_Screening_-_Gambling_DMICP.tex,16,14,1,2,0,11,2,7.1
Lifestyle_Health_Screening_-_Sleep_DMICP.tex,9,9,0,1,0,8,0,0.0
Lifestyle_Health_Screening_-_Stress_DMICP.tex,10,10,2,0,0,8,0,20.0
Lifestyle_Health_Screening_-_Weight_Management_&_Exercise_DMICP.tex,33,33,0,0,0,33,0,0.0
Lifestyle_Health_Screening_Menu_DMICP.tex,11,11,3,0,0,8,0,27.3
Lower_Back_Injury_DMICP.tex,42,39,11,0,5,23,3,28.2
Lung_Cancer_Screening_16701.tex,14,12,1,1,0,10,2,8.3
MFD_E2_Appendix_9_DMICP.tex,32,32,32,0,0,0,0,100.0
MFD_L2_Appendix_9_DMICP.tex,32,32,32,0,0,0,0,100.0
MFD_L2_E2_Appendix_9_DMICP.tex,32,32,32,0,0,0,0,100.0
MHSW_-_Discharge.tex,8,8,4,0,0,4,0,50.0
MHSW_-_New_episode_of_care.tex,24,22,7,1,3,11,2,31.8
MHSW_-_Review.tex,21,19,6,1,3,9,2,31.6
MHSW_-_Template_List.tex,19,19,0,0,0,19,0,0.0
MH_Waiting_List_DMICP.tex,12,12,0,2,1,9,0,0.0
MND_A6_L6_M6_E5_or_E6_Appendix_9_DMICP.tex,24,24,24,0,0,0,0,100.0
MR-Main_DMICP.tex,10,10,0,0,0,10,0,0.0
Malaria_Contraindication_DMICP.tex,12,8,8,0,0,0,4,100.0
Malarial_Questionnaire_Past_Values_DMICP.tex,28,27,13,1,0,13,1,48.1
Maternity_MH_Screening.tex,26,26,0,0,0,26,0,0.0
Medic_MIP_Template_16701.tex,9,7,7,0,0,0,2,100.0
Medical_Warning_Tag_DMICP.tex,3,3,3,0,0,0,0,100.0
Medicals_Clinical_Examination_DMICP.tex,13,12,2,0,4,6,1,16.7
Medicals_DMICP.tex,67,64,20,0,1,43,3,31.2
Medication_Review_-_Antibiotics_DMICP.tex,21,21,0,0,0,21,0,0.0
Medication_Review_-_Anticoagulants_DMICP.tex,14,14,0,0,0,14,0,0.0
Medication_Review_-_Antiepileptics_DMICP.tex,26,26,0,0,0,26,0,0.0
Medication_Review_-_Antifungals_DMICP.tex,18,18,0,0,0,18,0,0.0
Medication_Review_-_Antipsychotics_DMICP.tex,45,45,0,1,0,44,0,0.0
Medication_Review_-_Bisphosphonates_DMICP.tex,8,8,0,0,0,8,0,0.0
Medication_Review_-_CNS_Stimulants_DMICP.tex,7,7,0,0,0,7,0,0.0
Medication_Review_-_Cardiac_Drugs_1_DMICP.tex,37,37,0,1,0,36,0,0.0
Medication_Review_-_Cardiac_Drugs_2_DMICP.tex,36,36,0,1,0,35,0,0.0
Medication_Review_-_DMARDS_1_DMICP.tex,30,30,0,0,0,30,0,0.0
Medication_Review_-_DMARDS_2_DMICP.tex,32,32,0,0,0,32,0,0.0
Medication_Review_-_Diabetes_DMICP.tex,31,31,0,0,0,31,0,0.0
Medication_Review_-_Hepatitis_DMICP.tex,33,33,0,1,0,32,0,0.0
Medication_Review_-_Hormone_DMICP.tex,37,37,0,0,0,37,0,0.0
Medication_Review_-_Lipids_DMICP.tex,37,37,0,0,0,37,0,0.0
Medication_Review_-_Menu_DMICP.tex,34,34,0,0,0,34,0,0.0
Medication_Review_-_PPIs_DMICP.tex,22,22,0,0,0,22,0,0.0
Medication_Review_-_Thyroid_DMICP.tex,12,12,0,1,0,11,0,0.0
Medication_Review_-_Tuberculosis_Drugs_DMICP.tex,34,34,0,0,0,34,0,0.0
Mefloquine_DMICP.tex,17,17,0,0,0,17,0,0.0
Mefloquine_Side_Effects_DMICP.tex,70,70,1,1,2,66,0,1.4
Menopause_Further_Advice_to_clinicians.tex,22,22,0,0,0,22,0,0.0
Mental_Health_Additional_Assessment_DMICP.tex,34,28,1,3,1,23,6,3.6
Mental_Health_BAT-Accept.tex,3,3,1,0,0,2,0,33.3
Mental_Health_BAT-DecInt.tex,1,1,0,0,1,0,0,0.0
Mental_Health_BAT-Decline.tex,4,4,1,0,1,2,0,25.0
Mental_Health_BAT-FurInt.tex,3,3,0,0,0,3,0,0.0
Mental_Health_BAT-Menu_.tex,12,12,4,0,1,7,0,33.3
Mental_Health_Contact_Management_DMICP.tex,33,33,7,2,2,22,0,21.2
Mental_Health_Diagnoses_DMICP.tex,25,24,3,1,2,18,1,12.5
Mental_Health_Discharge_DMICP.tex,41,40,9,2,6,23,1,22.5
Mental_Health_First_Appointment_New_Episode_of_Care.tex,63,59,11,9,9,30,4,18.6
Mental_Health_Menu_DMICP.tex,1,1,1,0,0,0,0,100.0
Mental_Health_Out_of_Hours_DMICP.tex,52,50,19,7,1,23,2,38.0
Mental_Health_Review_Appointment_DMICP.tex,72,68,10,12,9,37,4,14.7
Mental_Health_SLO_Admission.tex,41,37,8,0,1,28,4,21.6
Mental_Health_SLO_Discharge.tex,53,47,3,1,1,42,6,6.4
Mental_Health_Trauma_DMICP.tex,18,13,2,0,0,11,5,15.4
Minor_Surgery_DMICP.tex,25,25,0,0,0,25,0,0.0
Morbidity_Template.tex,65,47,10,8,21,8,18,21.3
Mouth_Map.tex,1,0,0,0,0,0,1,
NAFLD_Non_Alcoholic_Fatty_Liver_Disease_DMICP.tex,36,36,0,0,1,35,0,0.0
NCRS_AU_Template_16701.tex,2,1,0,1,0,0,1,0.0
NEWS2_DMICP.tex,1,1,0,1,0,0,0,0.0
NFCI_MND_Persisting_Beyond_1_week_Appendix_9_DMICP.tex,15,15,15,0,0,0,0,100.0
NFCI_MND_Recovering_within_1_week_Appendix_9_DMICP.tex,15,15,15,0,0,0,0,100.0
NFCI_PHC_Assessment_-_GP_DMICP.tex,29,28,10,0,2,16,1,35.7
NFCI_PHC_Assessment_-_Guidance_DMICP.tex,28,28,0,0,0,28,0,0.0
NFCI_PHC_Assessment_-_Initial_CMT_Nurse_Appointment_DMICP.tex,24,23,7,0,2,14,1,30.4
NFCI_PHC_Assessment_DMICP.tex,23,23,0,0,0,23,0,0.0
NFCI_PHC_First_Contact_Assessment_DMICP.tex,27,26,18,0,0,8,1,69.2
NFCI_Perm_MLD_Appendix_9_DMICP.tex,16,16,16,0,0,0,0,100.0
NFCI_Recovery_E2_Appendix_9_DMICP.tex,15,15,15,0,0,0,0,100.0
NHS_40+_AUDIT-C_DMICP.tex,6,5,3,1,0,1,1,60.0
NHS_40+_Health_Check_DMICP.tex,51,51,1,0,0,50,0,2.0
NIHL_MLD_Appendix_9_DMICP.tex,4,4,4,0,0,0,0,100.0
NIHL_MND_Appendix_9_DMICP.tex,3,3,3,0,0,0,0,100.0
Naval_Service_Grading_Aide_Memoire_DMICP.tex,39,39,0,0,0,39,0,0.0
Naval_Service_Grading_DMICP.tex,152,116,113,0,0,3,36,97.4
Naval_Service_New_Entry_Medical_DMICP.tex,32,30,11,0,1,18,2,36.7
Naval_Service_New_Entry_Rescrutiny_DMICP.tex,18,16,4,1,1,10,2,25.0
Naval_Service_Rescind_All_Temporary_Medlims_DMICP.tex,142,142,142,0,0,0,0,100.0
New_Consultation.tex,18,10,5,3,1,1,8,50.0
New_Patient_Clinical_Consultation_Menu_DMICP.tex,1,1,0,0,0,1,0,0.0
New_Patient_Registration_and_De-registration_-_Practice_Joiners_and_Leavers-_DMICP.tex,84,84,19,2,7,56,0,22.6
New_Patient_Screen_DMICP.tex,21,21,0,0,0,21,0,0.0
New_Template1_15089.tex,16,16,0,0,0,16,0,0.0
Note_Summarising_-_Historic_BPs_DMICP.tex,2,2,0,0,0,2,0,0.0
Note_Summarising_DMICP.tex,37,36,16,0,0,20,1,44.4
OTC_Medical_1_DMICP.tex,53,53,36,2,3,12,0,67.9
OTC_medical_2_DMICP.tex,32,30,14,0,5,11,2,46.7
Observations_DMICP.tex,29,29,15,1,0,13,0,51.7
Occupational_Health_Template.tex,82,82,80,0,0,2,0,97.6
Op_MORLOP_READ_DMICP.tex,14,12,9,0,1,2,2,75.0
Op_RESCRIPT_MRA_DMICP.tex,2,2,2,0,0,0,0,100.0
Op_RESCRIPT_Reservist_DMICP.tex,7,0,0,0,0,0,7,
Opportunistic_Screening_DMICP.tex,19,19,0,1,0,18,0,0.0
Other_Chronic_Disease_Recall_DMICP.tex,33,33,0,0,0,33,0,0.0
Overseas_Medical_Supportability_Assessment_OMSA_for_Dependants_DMICP.tex,10,8,6,0,0,2,2,75.0
PGD_Template_DMICP.tex,12,9,8,0,0,1,3,88.9
PHQ9_DMICP.tex,20,20,18,0,0,2,0,90.0
PMC_Mental_Health_Assessment_DMICP.tex,97,96,10,5,2,79,1,10.4
PT_Exercise_Assessment_in_Postpartum_v1_0.tex,20,20,0,0,0,20,0,0.0
PT_Exercise_Assessment_in_Pregnancy_v1_0.tex,36,36,0,0,0,36,0,0.0
PULHHEEMS_DMICP.tex,109,109,109,0,0,0,0,100.0
PULHHEEMS_Widget.tex,109,109,109,0,0,0,0,100.0
Pathology_Results_-_Antenatal_DMICP.tex,28,28,0,0,0,28,0,0.0
Pathology_Results_-_Biochemistry_DMICP.tex,27,27,0,0,0,27,0,0.0
Pathology_Results_-_Blood_Group_DMICP.tex,18,18,0,0,0,18,0,0.0
Pathology_Results_-_Bone_Profile_DMICP.tex,9,9,0,0,0,9,0,0.0
Pathology_Results_-_Clotting_DMICP.tex,4,4,0,0,0,4,0,0.0
Pathology_Results_-_Female_Hormones_DMICP.tex,7,7,0,0,0,7,0,0.0
Pathology_Results_-_Glucose_HbA1c_DMICP.tex,11,11,0,0,0,11,0,0.0
Pathology_Results_-_H_Pylori_DMICP.tex,6,6,0,0,0,6,0,0.0
Pathology_Results_-_Haematinics_DMICP.tex,7,7,0,0,0,7,0,0.0
Pathology_Results_-_Haematology_FBC_ESR_DMICP.tex,16,16,0,0,0,16,0,0.0
Pathology_Results_-_Hepatitis_Serology_DMICP.tex,13,13,0,0,0,13,0,0.0
Pathology_Results_-_Histology_DMICP.tex,9,9,2,0,0,7,0,22.2
Pathology_Results_-_Immunology_DMICP.tex,18,18,0,0,1,17,0,0.0
Pathology_Results_-_Iron_Studies_DMICP.tex,8,8,0,0,0,8,0,0.0
Pathology_Results_-_Lipid_Profile_DMICP.tex,11,11,0,0,0,11,0,0.0
Pathology_Results_-_Measles_Mumps_Rubella_MMR_Varicella_DMICP.tex,5,5,0,0,0,5,0,0.0
Pathology_Results_-_Microbiology_DMICP.tex,43,42,7,0,0,35,1,16.7
Pathology_Results_-_Miscellaneous_DMICP.tex,4,4,0,0,0,4,0,0.0
Pathology_Results_-_Pregnancy_Test_DMICP.tex,8,8,0,0,0,8,0,0.0
Pathology_Results_-_Thyroid_Function_Tests_TFT_DMICP.tex,6,6,0,0,0,6,0,0.0
Pathology_Results_-_Tumour_Markers_DMICP.tex,6,6,0,0,0,6,0,0.0
Pathology_Results_Menu_DMICP.tex,20,20,0,0,0,20,0,0.0
Pathology_Sampling_Administration_DMICP.tex,30,29,3,2,1,23,1,10.3
Patient_Population_Sub_Group_DMICP.tex,6,6,5,0,1,0,0,83.3
Peak_Expiratory_Flow_Rate_PEFR_DMICP.tex,3,3,0,0,0,3,0,0.0
Periodic_Deployment_Medical_check_DMICP.tex,15,13,5,1,0,7,2,38.5
Pharmacy_Intervention_DMICP.tex,9,8,0,0,0,8,1,0.0
Phase_1_Audio_Questionnaire.tex,36,19,19,0,0,0,17,100.0
Phase_1_and_2_Injury_and_Illness_DMICP.tex,10,8,0,0,0,8,2,0.0
Post-COVID-19_Reassessment_16701.tex,3,3,1,0,2,0,0,33.3
Post_COVID_19_Assessment_DMICP.tex,3,3,1,0,2,0,0,33.3
Postnatal_Care_Mum_DMICP.tex,53,53,2,2,2,47,0,3.8
Pre-populated_Appendix_9_Menu_DMICP.tex,24,24,0,0,0,24,0,0.0
Pregnancy_Appendix_9_DMICP.tex,17,17,17,0,0,0,0,100.0
Pregnancy_Contraindications_Exercise_Guidance_DMICP.tex,27,27,0,0,0,27,0,0.0
Progestogen_Only_Contraception_DMICP.tex,48,47,17,1,0,29,1,36.2
Progestogen_Only_Contraception_Quick_Check_DMICP.tex,37,36,17,1,0,18,1,47.2
Proguanil_Side_Effects_DMICP.tex,15,15,0,0,0,15,0,0.0
RAF_Boarding_Grading_Aide_Memoire_DMICP.tex,31,31,0,0,0,31,0,0.0
RAF_Medical_Board_DMICP.tex,149,113,113,0,0,0,36,100.0
RAF_ROMD_Outcome_DMICP.tex,19,19,17,0,0,2,0,89.5
ROHT_Clinical_Facilitator_DMICP.tex,24,24,24,0,0,0,0,100.0
ROHT_OH_Outcome_DMICP.tex,18,18,18,0,0,0,0,100.0
ROHT_OM_Outcome_DMICP.tex,17,17,16,0,0,1,0,94.1
ROHT_OT_Outcome_DMICP.tex,21,21,20,0,0,1,0,95.2
ROHT_Triage_Menu_DMICP.tex,25,25,0,0,0,25,0,0.0
ROHT_Triage_Outcome_DMICP.tex,16,16,15,0,0,1,0,93.8
Raynauds_DMICP.tex,1,1,0,0,0,1,0,0.0
Refraction_DMICP.tex,92,90,55,1,1,33,2,61.1
Rehabilitation_RRU_Triage_DMICP.tex,17,16,15,0,1,0,1,93.8
Rescind_Legacy_MedLims_DMICP.tex,152,125,4,0,0,121,27,3.2
Reservist_Disposal_DMICP.tex,34,34,33,1,0,0,0,97.1
Roaccutane_Appendix_9_DMICP.tex,4,4,4,0,0,0,0,100.0
SPVA DMICP.tex,3,3,3,0,0,0,0,100.0
Safeguarding_Vulnerable_MDT_DMICP.tex,38,38,2,3,1,32,0,5.3
School_Health_Screen_DMICP.tex,37,37,1,2,0,34,0,2.7
Seasonal_Influenza_DMICP.tex,18,18,0,0,0,18,0,0.0
Sedation_Pre-Procedural_Checklist.tex,31,7,1,3,3,0,24,14.3
Sepsis_-_1-2_yr_DMICP.tex,13,12,3,2,0,7,1,25.0
Sepsis_-_3-4_yr_DMICP.tex,13,12,3,2,0,7,1,25.0
Sepsis_-_5_yr_DMICP_.tex,13,12,3,1,0,8,1,25.0
Sepsis_-_6-7_yr_DMICP.tex,13,12,3,1,0,8,1,25.0
Sepsis_-_8-11_yr_DMICP.tex,13,12,3,1,0,8,1,25.0
Sepsis_-_Adult_over_12_yr_DMICP.tex,13,12,3,1,0,8,1,25.0
Sepsis_-_Moderate_risk_actions_DMICP.tex,19,19,0,0,0,19,0,0.0
Sepsis_-_Severe_risk_actions_DMICP.tex,20,20,0,0,0,20,0,0.0
Sepsis_-_Under_1_yr_DMICP.tex,13,12,3,2,0,7,1,25.0
Sepsis_Menu_DMICP.tex,25,25,0,0,0,25,0,0.0
Sepsis_Risk_Factors_DMICP.tex,1,0,0,0,0,0,1,
Sexual_Health_DMICP.tex,92,92,9,5,0,78,0,9.8
Shaving_Appendix_9_DMICP.tex,1,1,1,0,0,0,0,100.0
Shoulder_Injury_DMICP.tex,32,32,13,2,2,15,0,40.6
Smoking_Brief_Intervention_DMICP.tex,14,14,8,0,1,5,0,57.1
Smoking_Cessation_Clinic_Final_DMICP.tex,23,23,6,2,0,15,0,26.1
Smoking_Cessation_Clinic_Post-Quit_DMICP.tex,21,21,3,2,0,16,0,14.3
Smoking_Cessation_Clinic_Pre-Quit_DMICP.tex,21,21,4,2,1,14,0,19.0
Smoking_Cessation_Legacy_Version_DMICP.tex,49,49,6,2,2,39,0,12.2
Smoking_Cessation_Menu_DMICP.tex,2,2,0,0,0,2,0,0.0
Smoking_DMICP.tex,22,22,3,0,1,18,0,13.6
Smoking_Dependence_Score_DMICP.tex,12,12,12,0,0,0,0,100.0
Smoking_Harm_Reduction_DMICP.tex,10,9,8,0,1,0,1,88.9
Specialist_Audiometry_DMICP.tex,45,45,27,0,16,2,0,60.0
Spectacles_DMICP.tex,24,24,18,0,1,5,0,75.0
Spirometry_DMICP.tex,6,6,0,0,0,6,0,0.0
Structured_Mental_Health_Assessment_DMICP.tex,48,37,34,1,0,2,11,91.9
Subdermal_Implant_Nexplanon_DMICP.tex,64,61,22,2,0,37,3,36.1
Template_Menu_DMICP.tex,1,1,1,0,0,0,0,100.0
Trauma_Diagram.tex,1,0,0,0,0,0,1,
Travel_DMICP.tex,50,49,9,1,0,39,1,18.4
Travel_protocols_DMICP.tex,18,18,0,0,0,18,0,0.0
Tri-Service_Protocols_DMICP.tex,17,17,0,0,0,17,0,0.0
TriService_Immunisation_Menu_DMICP.tex,20,20,0,0,0,20,0,0.0
Triage_Template_DMICP_16701.tex,38,38,3,0,1,34,0,7.9
Upgrade_to_MFD_Army_DMICP.tex,32,32,32,0,0,0,0,100.0
Urinalysis_DMICP.tex,69,69,0,0,0,69,0,0.0
Vaccination_Contraindicated_DMICP.tex,73,49,2,1,1,45,24,4.1
Vaccination_Declined_DMICP.tex,77,52,8,1,1,42,25,15.4
Vaccination_Not_Available_DMICP.tex,76,51,25,0,0,26,25,49.0
Vaccination_Not_Required_DMICP.tex,66,46,14,0,2,30,20,30.4
Veteran_Menu_DMICP.tex,3,3,1,0,0,2,0,33.3
Veteran_Not_Seen_DMICP.tex,3,3,2,0,0,1,0,66.7
Veteran_Seen_DMICP.tex,22,22,5,0,1,16,0,22.7
Visual_Acuity_Widget.tex,78,78,50,0,0,28,0,64.1
Well_Man_Clinic_DMICP.tex,27,26,1,0,1,24,1,3.8
Well_Woman_Clinic_DMICP.tex,27,26,0,0,1,25,1,0.0
Women_in_Ground_Close_Combat_WGCC_DMICP.tex,52,51,15,2,3,31,1,29.4
Wound_Assessment_DMICP.tex,42,42,19,2,16,5,0,45.2
Yellow_Fever_Reinforcing_Information.tex,22,22,0,0,0,22,0,0.0
ZT-H2jd9p_16701.tex,24,24,0,0,0,24,0,0.0
ZT-H2sj6d.tex,1,1,0,0,0,1,0,0.0
ZT-H76df.tex,49,49,43,0,0,6,0,87.8
ZT-H7sbk.tex,14,12,1,1,0,10,2,8.3
ZT-H8sdj.tex,9,8,1,1,1,5,1,12.5
ZT-H8sh2.tex,11,11,0,0,2,9,0,0.0
ZT-Hg8jk9.tex,13,13,0,1,1,11,0,0.0
ZT-Hj7ge6.tex,54,54,1,0,0,53,0,1.9
ZT-Hkjsd7.tex,11,11,0,1,1,9,0,0.0
ZT-INM.tex,10,10,4,0,0,6,0,40.0
ZZ-MR-InfoBox-Levels_DMICP.tex,20,20,0,0,0,20,0,0.0
ZZ-MR-InfoBox-NOTEARS_DMICP.tex,22,22,0,0,0,22,0,0.0
eConsult_DMICP.tex,13,13,11,0,0,2,0,84.6
eReg_Family_History_DMICP.tex,15,15,0,0,0,15,0,0.0
eReg_Past_Medical_History_DMICP.tex,14,14,0,0,0,14,0,0.0
